,sentence,class
0," is a species of tropical land snails with an operculum, terrestrial gastropod mollusks in",en
1, per convention at the time of sculpting) is a sculpture made of bronze copyrighted,en
2,in 1895 by American artist Frederic Remington. It portrays a rugged cowboy character fighting to,en
3,"stay aboard a rearing, plunging bronco, with a stirrup swinging free, a quirt in one",en
4,hand and a fistful of mane and reins in the other. It was the first,en
5," The sculpture was executed in the summer of 1895, and later that fall it",en
6,was copyrighted with the United States Copyright Office. He took his subject from a number,en
7," . Sculpting was a new medium for Remington at this time, and this new",en
8,method of portrayal was a total success in the eyes of his collectors and art,en
9,"historians. Breaking away from the restricted limits of flat paper, pen and ink and watercolor,",en
10,"Remington moved to the next level of his artistic potential, through the more effective medium",en
11,"of three-dimensional expressions. Remington, who always strove to capture the essence of the moment in",en
12,"his work, now found he was more able to effectively express that which he had",en
13,"  Only those who have ridden a bronco the first time it was saddled,",en
14,"or have lived through a railroad accident, can form any conception of the solemnity of",en
15," With this in mind, he decided to sculpt a bucking bronco for his first",en
16,"piece. Using techniques from his previous works to help focus the subject's figure, Remington removed",en
17,"the figure from its context and isolated it into a grounded free-floating form, thus achieving",en
18,a lifelike quality and vigorous movement. The artist's reference file for the sculpture included a,en
19," On September 13, 1898, at Camp Wickoff at Montauk Point, New York, the Rough",en
20," .  Of the gift Remington said it was ""the greatest compliment I ever",en
21,"had...After this everything will be mere fuss."" Roosevelt responded, ""There could have been no more",en
22,"appropriate gift from such a regiment.""  The cast which Theodore Roosevelt's Rough Riders gave",en
23," An original cast resided in the Oval Office, a gift of Virginia Hatfield and",en
24,"Mrs. Louis Hatfield Stickney, from Jimmy Carter's to Donald Trump's administrations. It was moved out",en
25," , 1907, is located along Kelly Drive (formerly known as East River Drive) in",en
26,"Fairmount Park, Philadelphia.  It is Remington's only commissioned sculpture and only monument, and a",en
27," In 2014, the Denver Art Museum made a bet with the Seattle Art Museum",en
28,"over the outcome of Super Bowl XLVIII, wherein the losing city's museum would temporarily loan",en
29," , a 1901 Japanese screen by artist Tsuji Kako.  As the Denver Broncos",en
30,"lost to the Seattle Seahawks, the bronze was shipped to Seattle where it was scheduled",en
31, refers to the members of the Maryland House of Delegates who reside in or,en
32,"represent legislative districts that include parts of Garrett, Allegany, Washington, Frederick or Carroll counties in",en
33,"the state of Maryland, United States of America. Three delegates are elected from each district,",en
34, (16 January 1936 – 15 September 2021) was a Cuban athlete. He competed in,en
35," , is an extinct species of katydid (family Tettigoniidae) that was endemic to California,",en
36, The Antioch Dunes shield-back katydid is an orthopteran within the family Tettigoniidae (katydids and,en
37,"long-horned grasshoppers). It is considered large for a katydid species. Like all orthopterans, it has",en
38,powerful hind legs that it uses for jumping and that help it to evade or,en
39,confuse predators. Both the fore and hind legs are covered in small spines. The pronotum,en
40,covers only the first tergite of the abdominal region. Connected at the base of the,en
41,"head, the pronotum lifts slightly off the body, hence the ""shield-back"". The abdomen has ten",en
42," was captured but never fully described. In the 1960s, Dave Rentz found an example",en
43,"of the species in a specimen drawer,  however it was not identified or detailed.",en
44,Rentz noted the unique morphology of its genitalia and the size of the specimen. In,en
45,"his research, he traveled to the Antioch Sand Dunes in California, where the specimen was",en
46,"originally collected, but he found no other living specimens. It took several years of researching",en
47," . The Antioch Sand Dunes, the original environment of the Antioch Dunes shield-back katydid,",en
48,once bordered the Mojave Desert. It is said that in prehistorical times climate alterations separated,en
49,"the dunes from the Mojave, thus isolating species living on the dunes. For this reason,",en
50,these species' survival was contingent on the uninterrupted ecology of the dunes. As the development,en
51," The Antioch Dunes shield-back katydid was found in Antioch, California. It is described in",en
52,"the Antioch Sand Dunes, which formerly occupied a considerable acreage along the Sacramento-San Joaquin Rivers,",en
53,"but which are now restricted to a small, highly disturbed area under the threat of",en
54, The extinction of the Antioch Dunes shield-back katydid was due to the industrialization of,en
55," were driven to the Antioch Dunes where they resided until their extinction, recorded to",en
56,have been around 1996. There were approximately eight different species of insects that were endemic,en
57,"to the Antioch Dunes, three of which are now extinct. The other five are on",en
58,"  Eaton, Joe. ""To Protect Invertebrates!"" The Xerces Society » Column: Wild Neighbors: Antioch Dunes.",en
59," (born December 29, 1947 in Omaha, Nebraska) is an American former ski jumper who",en
60," In her career, Pretnar won six races in Alpine Skiing World Cup races, with",en
61,"13 podiums altogether. In the 1999–2000 season, she won a small crystal globe in slalom.",en
62,Pretnar was named Slovenian sportswoman of the year in 2000. Pretnar represented Slovenia at the,en
63, Pretnar was a sports reporter at a Slovenian commercial TV station POP TV. She,en
64," ) is the international governing body for predominantly LGBT+ aquatics clubs, representing the sports",en
65,"of swimming, diving, artistic swimming, water polo, and open water swimming. Member clubs are from",en
66,"16 countries, with the majority of clubs in the United States and Canada. Past presidents",en
67,of the association have included Scott Kohanowski (of Team New York Aquatics) and Gareth Johnson,en
68, IGLA is one of the key organisations involved in the licensing of the Gay,en
69,"Games, which are held every four years. In years in which the Gay Games are",en
70,"not held, IGLA holds an international competition open to its member clubs. The organization is",en
71, The IGLA name was chosen in 1987 to keep the community spirit of competition,en
72,going from the recently held Gay Olympics that was started in San Francisco by Tom,en
73,Waddell. The Gay Olympics was later forced to change its name to Gay Games but,en
74,the event itself was successful in allowing LGBT athletes from around the world to compete,en
75,"in Olympic, exhibition and art events. To carry on the international aspect for the LGBT",en
76,aquatics community the International Gay and Lesbian Aquatics was named to hold a yearly international,en
77,"    1994: Held in conjunction with Gay Games IV, New York, New",en
78,"  2023: IGLA XXXV, London, United Kingdom - Scheduled for the 25th - 30th",en
79," , is a state-chartered agency of the California Department of Food and Agriculture. ",en
80,"Established by the California State Legislature in 1993, the commission replaced the California Strawberry Advisory",en
81,"Board.  The commission represents nearly 600 strawberry shippers, processors and growers within the state",en
82,The commission is not funded by tax payers but by self-taxation or assessments on California,en
83,strawberry growers.  The amount assessed is approved annually by the commission board of directors.,en
84," The current president is Rick Tomlinson. He replaces Mark Murai, a third generation strawberry",en
85," Activities and projects are developed, approved and implemented under the authority of the commission’s",en
86," The CSC's predecessor organization, the Board, popularized the use of soil fumigation starting in",en
87, The California Strawberry Commission’s stated vision is to be “the unified voice for a,en
88,healthy California strawberry industry.”  Their mission is “to shape a favorable environment that allows,en
89," is a park in  Charlottesville, Virginia. It was the location of Balloon 3",en
90, Benjamin Tonsler was one of Charlottesville's most prominent African American citizens.  Very little,en
91,"is known of his early life.  He was born April 2, 1854, in Albemarle",en
92,County.  In later years his descendants came to believe that a member of a,en
93,"family for whom he worked taught him to read and write, which was illegal at",en
94," Whatever the circumstance of his early life, Mr. Tonsler went on to become a",en
95,"noted teacher, principal and citizen.  He was educated at Hampton University and returned to",en
96,"Charlottesville to teach at the Jefferson Graded School, which at that time was the only",en
97,school available to African Americans.  He taught for several years and then assumed the,en
98,"position of principal, which he held for almost thirty years.  His students remembered him",en
99,as a stern disciplinarian who took huge risks to further their education.  Under the,en
100,segregated laws of the time it was illegal to educate African American students past eighth,en
101,grade.  Mr. Tonsler had his older students stay after school to study more advanced,en
102,texts with the understanding that the books were to be hidden whenever the white Superintendent,en
103,appeared for an inspection.  In this secretive manner many students were able to complete,en
104, Mr. Tonsler was a close friend of Booker T. Washington whom he met while,en
105,"in college, and Mr. Washington stayed at his home on his way to Tuskegee to",en
106,assume the presidency of the Tuskegee Institute (now Tuskegee University).  Mr. Tonsler's home was,en
107,"located not far from the park which now bears his name: Tonsler Park, which the",en
108," Benjamin Tonsler died on March 6, 1917, at age 63 after a short illness.",en
109, is the second album of Tryo. This album is less reggae because of some,en
110," ; born April 17, 1974) is an American retired soccer defender who previously played",en
111,for the United States women's national soccer team and the Bay Area CyberRays in the,en
112," Bryan grew up in Joppatowne, Maryland and played soccer for the Columbia Crusaders for",en
113," In 1992, her first season with North Carolina State University, she started all 22 games",en
114,and was named the ACC Rookie of the Year in 1992. During her time at,en
115, Bryan was nominated for the Missouri Athletic Club National Player of the Year award,en
116,"in 1994 and 1995. During her senior year, she started all 22 regular season games",en
117," Staples-Bryan played for the San Jose CyberRays in the Women's United Soccer Association, the",en
118,"first professional soccer league in the United States, from 2001 to 2003 and was a",en
119,key member of the 2001 Founders Cup Championship team. She was a first round pick,en
120," In 2008, after a more than four-year hiatus after the folding of the WUSA,",en
121, Bryan made her first appearance for the United States women's national soccer team on,en
122,"March 11, 1993 in a game against Denmark. She would go on to earn 64",en
123," In 1994, she helped the team win the title at the CONCACAF Qualifying Championship",en
124,in Montreal and qualify for the 1995 FIFA Women's World Championship and FIFA Women's World,en
125, Bryan was a member of the 1995 Women's National Team that placed third at,en
126," In 2003, she was named by national team head coach, April Heinrichs, as one",en
127, Bryan was an assistant coach at Virginia Tech. She runs the Thori Bryan Soccer,en
128," ) is a rural locality (a village) in Korobitsynskoye Rural Settlement, Syamzhensky District, Vologda",en
129, Sidorovo is located 50 km southeast of Syamzha (the district's administrative centre) by road.,en
130," is an American political scientist and scholar of American federalism, intergovernmental relations, and state",en
131,and local government. He is the Robert B. &amp; Helen S. Meyner Professor of Government,en
132,and Public Service and Director of the Meyner Center for the Study of State and,en
133,"Local Government at Lafayette College in Easton, Pennsylvania. He also is President of CSF Associates:",en
134,"Publius, the sponsor of the Center for the Study of Federalism. He previously taught at",en
135,"North Texas State University, Arizona State University, St. Peter’s College/University, and Seton Hall University. He",en
136,served as executive director of the U.S. Advisory Commission on Intergovernmental Relations and as vice,en
137," Born (1946) and raised in Philadelphia, Pennsylvania, Kincaid graduated from Central High School (221",en
138,"class) in 1964, received a BA from Temple University in 1967, an MA from the",en
139,"University of Wisconsin–Milwaukee, in 1968, and a Ph.D. from Temple University in 1981 where he",en
140," He attended Union Theological Seminary, New York City (1968–69) and also taught part-time at",en
141,"Seton Hall University, South Orange, New Jersey, before becoming instructor and inner-city liaison at St.",en
142,"Peter’s College/University, Jersey City, New Jersey (1969–70). He was director of the Phoenix Peace Center",en
143,"and coordinator for Professional and Business Men and Women for Peace, Phoenix, Arizona (1970–72), during",en
144,which time he hosted Jane Fonda and Tom Hayden at Arizona State University where he,en
145,was a faculty associate in sociology. He then served as vice-president and co-treasurer of the,en
146,"Pentagon Papers Fund for the Defense of Human and Civil Liberties, Los Angeles, California (1972–73),",en
147,in which capacity he also managed the legal-defense office of Daniel Ellsberg and Anthony Russo.,en
148, Kincaid was assistant and associate professor of political science at North Texas State University,en
149,(now University of North Texas) (1979–86). He left the university to serve as research director,en
150,"(1986–87) and then executive director (1987–94) of the U.S. Advisory Commission on Intergovernmental Relations, Washington,",en
151,"D.C. In 1994, he took the positions of Robert B. &amp; Helen S. Meyner Professor",en
152,of Government and Public Service and Director of the Meyner Center for the Study of,en
153, He also has served as co-editor of the Routledge Book Series on Federalism and,en
154,"Decentralization (2014–present); editor of a book series, “Politics and Governments of the American States,” University",en
155," , a joint program of the Forum of Federations and International Association of Centers",en
156," Kincaid is married to Lucille DeMasi Kincaid, a pianist, retired high-school music teacher, a",en
157,"host of WDIY Classics (Lehigh Valley Public Radio), WDIY Music Librarian, and music director of",en
158, John Kincaid has testified before the U.S. Congress on the “Lobbying with Appropriated Funds,en
159,"Reform Act of 2000,” “Tenth Amendment Enforcement Act of 1996,” and “Restore the Partnership Act,”",en
160,"  Distinguished Scholar Award, 2016, RC28: Comparative Federalism and Multilevel Governance, International Political Science",en
161,"  Daniel J. Elazar Distinguished Scholar Award, 2001, Section on Federalism and Intergovernmental Relations,",en
162,"  Best Paper Award, Annual Meeting of the Urban Affairs Association, Fort Worth, TX,",en
163,"  Donald Stone Distinguished Scholar Award, Section on Intergovernmental Administration and Management, American Society",en
164,"  Outstanding Paper Award, Annual Meeting of the Southwestern Political Science Association, Houston, TX,",en
165,"  In 2015, the Section on Federalism and Intergovernmental Relations of the American Political",en
166,Science Association established The John Kincaid Award for Best Article Published in Publius: The Journal,en
167,  “Constitutional Values and Citizen Attitudes to Government: Explaining Federal System Viability and Reform,en
168,  “Territorial Neutrality and Cultural Pluralism in American Federalism: Is the United States the,en
169,  “Citizen Evaluations of Federalism and the Importance of Trust in the Federation Government,en
170,"  “Personality and Public Opinion: The Case of Authoritarianism, Prejudice, and Support for the",en
171," ) in Buranovsky Selsoviet of Malopurginsky District of the Udmurt Republic, Russia located 30",en
172,"kilometers (19 mi) from the city of Izhevsk, 34 kilometers (21 mi) from the city of Sarapul,",en
173,"and 30 kilometers (19 mi) from Malaya Purga, the administrative center of the district. As of",en
174,"January 1, 2011, the population was estimated to be 658 residents, of whom 123 are employed in education.Municipally,",en
175," Buranovskiye Babushki, a folk group who represented Russia in Eurovision Song Contest 2012, are",en
176,    Государственный Совет Удмуртской Республики. Закон №47-РЗ от 14 июля 2005 г «Об установлении границ муниципальных,en
177,"образований и наделении соответствующим статусом муниципальных образований на территории Малопургинского района Удмуртской Республики», в ред.",en
178,Закона №18-РЗ от 16 мая 2006 г «О внесении изменений в отдельные Законы Удмуртской Республики об установлении,en
179,границ муниципальных образований и наделении соответствующим статусом муниципальных образований на территории Удмуртской Республики». Вступил в,en
180,   On Establishing the Borders of the Municipal Formations and Granting the Status,en
181,   On Amending Various Laws of the Udmurt Republic on Establishing the Borders,en
182,of the Municipal Formations and Granting the Status to the Municipal Formations on the Territory,en
183, is an arcade game manufactured by Bally Midway in 1984.  The goal is,en
184,"to amass points by chopping down trees, then logrolling in bonus rounds. Two players can",en
185, The player assumes the role of a lumberjack in the game and must chop,en
186,down a given number of trees that sequentially pop up from the ground in a,en
187,"limited amount of time to complete each level. The game is controlled using two joysticks,",en
188,with one controlling the player's movement and the other corresponding to left or right chops,en
189,"with the player's axe. As the game progresses, the quota gradually increases and the time",en
190,"decreases. While playing, the player must avoid beehives that are thrown by bears or lose",en
191,"a life. The player can earn bonus points by hitting a beehive with the axe,",en
192," Every couple of levels, the player is given the opportunity to amass bonus points.",en
193, These stages begin with the player standing on a floating log.  As the,en
194,"log begins to rotate, players must make use of their reflexes to stay on top",en
195,"of the log.  The first two times this is played, the log is relatively",en
196,"large; on future attempts, the size of the log shrinks considerably.  This minigame ends",en
197,if the player falls off the log or balances atop it for a certain amount,en
198," The game also features two-player simultaneous multiplayer, and can be played competitively or cooperatively.",en
199,"In this mode, either player can earn bonus points by pushing a tree onto the",en
200,"other; in addition, a bonus is awarded to the player who cuts down more trees",en
201," , a compilation disc of Midway Games titles for the Xbox, PlayStation 2, and",en
202," (2016), accessed by using the Arcade Dock in the level ""Once Upon A Time",en
203, The current world record holder for highest score is Joshua Lombay with a score,en
204,"of 9,767,550. He beat previous record holder Don Duwelius who had recorded a high score",en
205, (13 March 1880 – 27 May 1953) was head of the Office of the,en
206,President of Germany from 1920 to 1945 during nearly the entire period of the Weimar,en
207,"Republic under Friedrich Ebert and Paul von Hindenburg and, finally, under the Nazi government under",en
208," The son of a postal official, Meissner studied law in Straßburg from 1898 to",en
209,"1903, where he also became a member of the Straßburg Student Youth Fraternity (Burschenschaft) Germania.",en
210,"Later, he also studied in Berlin and earned his Doctor of Laws in 1908, at",en
211,"the age of 28, in Erlangen, Bavaria. Afterward, he became a bureaucrat for the national",en
212,"railroad, the Reichsbahn, in Straßburg. Between 1915 and 1917, he participated in the First World",en
213,War in the 136th infantry regiment. Until 1919 he was more active behind the front,en
214,"as a military railroad official, first in Bucharest, then in Kyiv. He was then accepted",en
215,into the diplomatic service and from 1918 acted as a German chargé d'affaires to the,en
216," Thanks to his good contacts, in 1919, Meissner became Acting Advisor in the ""Bureau",en
217," "", who was then the Social Democrat Friedrich Ebert, and by 1 April 1920,",en
218,Meissner had risen to Ministerial Director and Leader of the Bureau. Ebert raised Meissner to,en
219, Meissner continued in the post of State Secretary when Paul von Hindenburg was elected,en
220,"as Ebert's successor in 1925. Meissner, who lived with his family in the palace of",en
221,"the German president between 1929 and 1939, undoubtedly enjoyed major influence upon the presidents, especially",en
222,"Hindenburg. Together with Kurt von Schleicher and a few others, Meissner, in 1929 and 1930,",en
223, His role in the appointment of Hitler to chancellor from December 1932 to January,en
224,"1933 remains a controversy among historians. As a member of the ""camarilla"", Meissner was certainly",en
225,no small influence as State Secretary because of his close relations with Hindenburg. Together with,en
226,"Oskar von Hindenburg and Franz von Papen, Meissner organized the negotiations with Hitler to depose",en
227,"von Schleicher and to appoint Hitler to the post of Chancellor. For the Nazis' part,",en
228,"the talks were facilitated through Wilhelm Keppler, Joachim von Ribbentrop and the banker Kurt Freiherr",en
229,"von Schröder, a former officer and head of the old-guard conservative ""Herrenklub"" (Gentlemen's club) in",en
230,"Berlin in which von Papen was also active. Neither Hitler nor Hindenburg, as of the",en
231,"end of 1932, would have initiated contact with each other, so great was their mutual",en
232, When Hitler merged the functions of head of state (the president) and head of,en
233,"government (the chancellor) in August 1934, Meissner's office was renamed the ""Presidential Chancellery"" and restricted",en
234,"in its responsibilities to representative and formal matters of protocol, while all more political matters",en
235,were assigned to the Reich Chancellery under the direction of Hans Lammers. Meissner was also,en
236,made a member of the Academy for German Law. To mark the fourth anniversary of,en
237,"the Nazi regime on 30 January 1937, Hitler personally conferred the Golden Party Badge upon",en
238,"several non-Nazi members of the Reich government, including Meissner (membership number 3,805,235). On 1 December",en
239," , but without the title. Politically, his influence in the Hitler regime was distinctly",en
240," After the Second World War, Meissner was arrested by the Allies and interrogated as",en
241,"a witness during the Nuremberg Trials. In July 1947, he appeared as a character witness",en
242,for the accused former State Secretary Franz Schlegelberger. Meissner was finally prosecuted in the Wilhelmstrasse,en
243,"Trial, but the court acquitted him on 14 April. Two years later, in May 1949,",en
244,"he was accused again, this time in Munich, and was adjudged a fellow traveler. His",en
245,   Grundriß der Verfassung und Verwaltung des Reichs und Preußens nebst Verzeichnis der,en
246,"   Staatssekretär unter Ebert, Hindenburg, Hitler. Der Schicksalsweg des deutschen Volkes von 1918",en
247,   Die Auflösung der Weimarer Republik. Eine Studie zum Problem des Machtverfalls in,en
248,  Ernst Klee: Das Personenlexikon zum Dritten Reich. Wer war was vor und nach,en
249,  Newspaper clippings about Otto Meissner in the 20th Century Press Archives of the,en
250," is a town in Richland County, Wisconsin, United States. The population was 618 at",en
251,"the 2000 census. The unincorporated communities of Byrds Creek, Excelsior, Port Andrew, Sand Prairie, Tavera,",en
252," According to the United States Census Bureau, the town has a total area of",en
253," As of the census of 2000, there were 618 people, 238 households, and 178",en
254, ). There were 299 housing units at an average density of 7.2 per square,en
255," ). The racial makeup of the town was 98.54% White, 0.32% African American, 0.16%",en
256,"Native American, 0.65% from other races, and 0.32% from two or more races. Hispanic or",en
257," There were 238 households, out of which 34.0% had children under the age of",en
258,"18 living with them, 60.9% were married couples living together, 8.4% had a female householder",en
259,"with no husband present, and 24.8% were non-families. 21.4% of all households were made up",en
260,"of individuals, and 9.2% had someone living alone who was 65 years of age or",en
261," In the town, the population was spread out, with 26.4% under the age of",en
262,"18, 6.1% from 18 to 24, 26.7% from 25 to 44, 26.1% from 45 to",en
263,"64, and 14.7% who were 65 years of age or older. The median age was",en
264,"40 years. For every 100 females, there were 113.8 males. For every 100 females age",en
265," The median income for a household in the town was $35,156, and the median",en
266,"income for a family was $38,750. Males had a median income of $28,583 versus $22,125",en
267,"for females. The per capita income for the town was $17,304. About 6.4% of families",en
268,"and 8.2% of the population were below the poverty line, including 10.6% of those under",en
269, is a play by  Neil Simon. The play won the 1991 Pulitzer Prize,en
270," The play premiered at The Center for the Performing Arts in Winston-Salem, North Carolina,",en
271,"on December 31, 1990, then moved to Broadway at the Richard Rodgers Theatre on February",en
272,"21, 1991, where it ran for  780 performances and 11 previews. Produced by Emanuel",en
273,"Azenberg and directed by Gene Saks, the cast included Jamie Marsh as Jay, Irene Worth",en
274,"as Grandma, Mercedes Ruehl as Bella, Kevin Spacey as Louie, Lauren Klein as Gert, Danny",en
275," In Brooklyn in 1942, Evelyn Kurnitz has just died following a lengthy illness. Her",en
276,"husband, Eddie Kurnitz, needs to take a job as a traveling salesman to pay the",en
277,"medical bills incurred, so he decides to ask his stern and straight-talking mother (from whom",en
278,"he is slightly estranged) if his two early-teen sons, Jay and Arty (whom she insists",en
279,"on calling by their full given names, Jacob and Arthur, which she pronounces ""Yakob"" and",en
280,"""Artur""), can live with her and their Aunt Bella Kurnitz in Yonkers. She refuses. After",en
281,"a threat by Bella, she lets them stay without ever saying they could stay. Despite",en
282,"their grandmother owning and operating a candy store, Jay and Arty do not like their",en
283,new living situation.  They are afraid of their grandmother and find it difficult to,en
284,"relate to their crazy Aunt Bella, whose slow mental state is manifested by perpetual excitability",en
285," Into their collective lives returns one of Eddie and Bella's other siblings, Louie Kurnitz,",en
286,"a henchman for some gangsters. He is hiding out from Hollywood Harry, who wants what",en
287,Louie stole and is hiding in his small black bag. Jay and Arty's mission becomes,en
288,how to make money fast so that they can help their father and move back,en
289,"in together, which may entail stealing the $15,000 their grandmother has hidden somewhere. Bella's mission",en
290,"is to find a way to tell the family that she wants to marry Johnny,",en
291,"her equally slow movie theater usher boyfriend; the two could also use $5,000 of Grandma's",en
292,hidden money to open their dream restaurant. And Louie's mission is to survive the next,en
293," : He is fifteen ""and a half"" years old. He insists on the ""and",en
294,"a half"". The death of his  mother forces him to be more mature than",en
295,he is ready to be when his father leaves him and his younger brother with,en
296,his family so he can sell scrap iron during World War Two. The play tells,en
297," : Jay's younger brother, he is 13 ""and a half"" years old. More of",en
298,"an observer than the rest of his family, he often goes with the flow of",en
299," : Jay's aunt, late 30's to early 40's. She is sometimes a bit off-center",en
300,"and is mentally challenged, but despite this she is also loving and protective of her",en
301,nephews. Much of the second half of the play focuses on her attempts at independence,en
302," : Jay's flamboyant, jovial uncle, in his late 30s, who comes to live with",en
303,the family when he is hiding from the local mob. He is considered by Grandma,en
304,"Kurnitz to be the ""survivor"" of the family. He has a strong, mercurial nature, and",en
305,"a certain underlying dark side, which the kids uncover in the second act of the",en
306," : Jay's grandmother. A very old and stern woman, an immigrant from Germany. Owing",en
307,"to her harsh childhood, she has always been very intolerant of what in others she",en
308,"calls ""weaknesses"". She is blunt, sometimes even in a funny way, and always knows what",en
309," : Jay's middle-aged father. After the death of his wife, he is forced to",en
310,"send his two sons to live with their grandmother, while he repays his large financial",en
311," : Jay's aunt, and Grandma's daughter. She is a very interesting addition to the",en
312,family. Her most noticeable issue is that when she breathes she has a tendency to,en
313,"suck in while still speaking, as a result of trauma instilled in her by Mother,",en
314," Simon adapted his play for a 1993 feature film directed by Martha Coolidge, and",en
315,"starring Brad Stoll as Jay. Worth and Ruehl reprised their stage roles, and Richard Dreyfuss",en
316,"was cast as Louie. Bella's beau Johnny, an unseen character in the play, was portrayed",en
317," (meaning ""king"") was a ruling title used in Iranian mythology by the Kayanians of",en
318,"the Avesta, later to be adopted by the Kushano-Sasanians, followed by the Sasanian monarchs of",en
319," (August 10, 1866 – March 9, 1963) was an American botanist and the curator",en
320,of botany at the San Diego Natural History Museum from 1943 to 1957; she continued,en
321," (1931), and other popular works on plants of the southwestern United States and northern",en
322," Born Ethel Phoebe Bailey on May 10, 1866, in Vassalboro, Maine, to Mary E.",en
323,"Pearson and George L. Bailey, Higgins was educated at the Wesleyan Seminary and Female College",en
324,"(now Kents Hill School) in Readfield, Maine. In 1900, she moved to Los Angeles, California",en
325,"with her parents and worked as a photographer, first in the studio of Frank G.",en
326,"Shumacher, then setting up in her own studio, specializing in botanical subjects. In 1914, she",en
327," During her career as a photographer, Higgins produced a series of 300 plant portraits,",en
328,taking up the study of botany to properly identify her subjects.  Higgins exhibited hand-tinted,en
329,"photographs of wild flowers during the 1915 Panama-California Exposition in Balboa Park. In 1931, Higgins",en
330," ; she joined the staff of the San Diego Natural History Museum in 1933,",en
331,becoming curator of botany in 1943 upon the retirement of Frank Gander. Higgins compiled the,en
332,"first checklists of San Diego County plants, publishing “Annotated Distributional List of the Ferns and",en
333,"Flowering Plants of San Diego County, California,” in 1949 and “Type Localities of Vascular Plants",en
334,"in San Diego County, California” in 1959. Higgins's surveys have been updated, first in 1986",en
335," During the 1950s and early 1960s, Higgins participated in several of the museum's research",en
336,"expeditions, collecting plant specimens in Baja California and on islands in the Gulf of California.",en
337," As associate curator (working with her successor as curator of botany, Reid Moran), she",en
338,helped build the herbarium's specimen collection. She wrote a series of interpretative guides to southern,en
339,    Annotated distributional list of the ferns and flowering plants of San,en
340,"Diego County, California (Occasional papers of the San Diego Society of Natural History series no.",en
341,    Plants of the foothills and mountains of San Diego county (Trails,en
342,"   Beyette, Beverly (July 20, 1961). ""She's 95-And Dated Up For Her 100th",en
343,  The San Diego Natural History Museum Research Library houses a significant collection of,en
344,"  Ethel Bailey Higgins Papers ca. 1940–1960 (Collection 913). Finding Aid, Online Archive of",en
345," is a school district that serves Amelia County, Virginia in primary and secondary education.",en
346,The district is headquartered in Amelia Courthouse. The district is led by superintendent is Dr.,en
347, The all-black Russell Grove High School merged with Amelia County High School in the,en
348," As of the 2016–2017 school year, the appraised valuation of property in the district",en
349, ACPS Operates 36 different bus routes with a few routes that span into different,en
350, Amelia County High School competes in Class 2A of the James River District in,en
351," , is a public transportation company which operates local and long-distance buses in Mie",en
352,"prefecture, Japan. The company has other ventures, including a taxicab business and real estate. Mie",en
353,"Kotsu used to also own railway lines, but no longer operates in the rail transport",en
354,"sector – Mie Kotsu's former rail assets are now owned by Kintetsu Railway, its parent",en
355, ; 27 April 1848 – 11 October 1916) was King of Bavaria from 1886,en
356,"until 1913. However, he never actively ruled because of alleged severe mental illness. His uncle,",en
357,"Luitpold, and his cousin, Ludwig, served as regents.  Ludwig deposed him in 1913, a",en
358,"day after the legislature passed a law allowing him to do so, and became king",en
359," Otto was the son of Maximilian II and his wife, Marie of Prussia, and",en
360," Prince Otto was born on 27 April 1848, two months premature, in the Munich",en
361,"Residenz. His parents were King Maximilian II of Bavaria and Marie of Prussia. His uncle,",en
362," Otto had an older brother, Crown Prince Ludwig. They spent most of their childhood",en
363,"with servants and teachers at Hohenschwangau Castle. Their parents were distant and formal, and they",en
364,were at such a loss about what to say to Otto and Ludwig that they,en
365,often ignored and even avoided them. Their mother took an interest in what the brothers,en
366,wore: she ordered for Ludwig to always be dressed in blue and for Otto to,en
367,"always wear red. Their father was strict with the brothers, particularly Ludwig, the heir apparent.",en
368, Otto served in the Bavarian army from 1863. He was appointed sub-lieutenant on 27,en
369,April 1863 and admitted to the Cadet Corps on 1 March 1864. On 26 May,en
370," On 10 March 1864, King Maximilian died and Otto's brother, Ludwig, succeeded as King",en
371,"of Bavaria. Between 18 June and 15 July 1864, the two brothers received state visits",en
372, Otto was promoted to Captain on 27 April 1866 and entered active military service,en
373,in the Royal Bavarian Infantry Guards. He participated in the Austro-Prussian War of 1866 and,en
374,as colonel in the Franco-Prussian War of 1870–1871. His experiences on the battlefield traumatized him,en
375,and caused him to have depression and insomnia. When Wilhelm I was proclaimed German Emperor,en
376,"on 18 January 1871 at the Palace of Versailles, Prince Otto and his uncle, Luitpold,",en
377,"represented King Ludwig II, who refused to participate (despite having offered Wilhelm the Imperial title",en
378,in a letter). Otto then criticized the celebration as ostentatious and heartless in a letter,en
379,to his brother. Otto despised his ambitious Prussian relatives and cordially disliked his Prussian mother,en
380,and so they were appalled by the creation of the new German Empire. His hostility,en
381," Otto and Ludwig were often seen together during the early years of Ludwig's reign,",en
382,but they became estranged over time. Ludwig was shy and introverted and eventually became a,en
383,"recluse. Otto was cheerful, outgoing and extroverted until the Franco-Prussian War. In 1868, Otto received",en
384,"the Royal Order of Saint George for the Defense of the Immaculate Conception, the house",en
385,"order of the House of Wittelsbach. In 1869, he joined the Order of the Holy",en
386," After the Franco-Prussian War, Otto became very depressed and anxious, which worried his family.",en
387,"Otto had spells during which he slept poorly for days and acted out, followed by",en
388,periods of time during which he was perfectly normal and lucid. His illness progressively grew,en
389,worse. Ludwig was horrified because he had been counting on Otto to marry and have,en
390,"a son who could eventually inherit the throne. Otto was placed under medical supervision, and",en
391,"reports about his condition were sent by spies working for the Prussian Chancellor, Otto von",en
392,"Bismarck. Doctors reported that Otto was mentally ill in January 1872. From 1873, he was",en
393,held in isolation in the southern pavilion of Nymphenburg Palace. His attending physician was Dr.,en
394,"Bernhard von Gudden, who later diagnosed Otto's brother, Ludwig, as mentally ill without bothering to",en
395,"examine him and without asking him a single question, which raises questions about his competence",en
396,"and his motives. Both Ludwig and Otto despised Prussia, and their uncle, Luitpold, and Gudden",en
397,supported Prussia's rise to dominance. Some contemporaries believed that Gudden's diagnoses of Otto and Ludwig,en
398,were motivated by political considerations and that more could and should have been done to,en
399,help and treat Otto. Some contemporaries also believed that Bismarck did not want Ludwig nor,en
400,"Otto to remain in power and decided to replace the brothers with their malleable uncle,",en
401," During Corpus Christi Mass in 1875 in the Frauenkirche in Munich, Otto, who had",en
402,"not attended the church service, rushed into the church wearing hunting clothes and fell on",en
403,"his knees before the celebrant, Archbishop Gregor von Scherr, to ask forgiveness for his sins.",en
404,"The High Mass was interrupted, and the prince did not resist when he was led",en
405,away by two church ministers. Otto was then moved to Schleissheim Palace and was effectively,en
406,"held prisoner there, much to his dismay. Gudden made no effort to treat him; it",en
407,is possible that Otto was heavily drugged. Otto's last public appearance was his presence at,en
408,"the side of his brother at the King's parade on 22 August 1875, at the",en
409,"Marsfeld in Munich. From 1 June 1876, he stayed for a few weeks in the",en
410,"castle at Ludwigsthal in the Bavarian Forest. In the spring of 1880, his condition worsened.",en
411,"In 1883, he was confined under medical supervision in Fürstenried Palace near Munich, where he",en
412,would remain for the rest of his life. The palace had been specially converted for,en
413,his confinement. Ludwig occasionally visited him at night and ordered for no violence to be,en
414," In 1886, the senior royal medical officer wrote a statement declaring that Otto was",en
415,severely mentally ill. Otto may have had schizophrenia. It has also been argued that his,en
416,"illness was the result of syphilis, which would also account for the paralysis he had",en
417," In 1894, Otto had shown signs of recovery and was cleared to attend a",en
418," When King Ludwig II was deposed by his ministers on 10 June 1886, his",en
419,uncle Luitpold took over the rule of the Kingdom of Bavaria and led the affairs,en
420,of state in Ludwig's place as regent. Only three days later Ludwig II died under,en
421,"unknown circumstances, and Prince Otto succeeded him as King of Bavaria on 13 June 1886",en
422, Since Otto was unable to lead the government due to his mental illness (officially,en
423,"it was said: ""The King is melancholic""), Prince Regent Luitpold also reigned for him. He",en
424,"did not understand the proclamation of his accession to the throne, which was explained to",en
425,King Otto at Fürstenried Palace the next day after his accession. He thought his uncle,en
426,"Luitpold was the rightful king. Shortly thereafter, the Bavarian Army troops were sworn in the",en
427, Luitpold kept his role as Prince Regent until he died in 1912 and was,en
428,"succeeded by his son Ludwig, who was Otto's first cousin. By then, it had been",en
429,obvious for some time that Otto would never emerge from seclusion or be mentally capable,en
430,"of actively reigning. Almost as soon as Ludwig became regent, elements in the press and",en
431," Accordingly, the constitution of Bavaria was amended on 4 November 1913 to include a",en
432,"clause specifying that if a regency for reasons of incapacity lasted for ten years, with",en
433,"no expectation that the King would ever be able to reign, the Regent could end",en
434,"the regency, depose the King and assume the crown himself with the assent of the",en
435,"legislature. The following day, Prince Regent Ludwig ended the regency, cast his cousin down from",en
436,"the throne, and proclaimed his own reign as Ludwig III. The parliament assented on 6",en
437,"November, and Ludwig III took the constitutional oath on 8 November. King Otto was permitted",en
438, Otto died unexpectedly on 11 October 1916 from a volvulus (an obstruction of the,en
439," in Munich. In accordance to Bavarian royal tradition, the heart of the king was",en
440," (Shrine of Our Lady of Altötting) in Altötting, beside those of his brother, father",en
441,   Die Erbschaft des Königs Otto von Bayern. Höfische Politik und Wittelsbacher Vermögensrechte,en
442,   Die Geisteskrankheit der bayerischen Könige Ludwig II. und Otto. Eine interdisziplinäre Studie,en
443," ) is a museum in Al-Madinah, Saudi Arabia, that exhibits Al-Madinah heritage and history",en
444,"featuring different archaeological collections, visual galleries and rare images that related to Al-Medina. The museum",en
445,"exhibits around 2,000 rare artifacts that capture the heritage and culture of Al-Madinah and document",en
446,"the landscape, the people and how it has been shaped over the years. One of",en
447,"the parts of the tour is the evolution of Masjid Nabawi from a house, courtyard,",en
448," In 1983, a project was launched to transform Al-Hejaz Railway Station that was established",en
449,"in 1908, into a museum called Al-Madinah Museum, the project also included the establishment of",en
450,Hejaz Railway Museum in the site. The museum is not to be confused with the,en
451, is the fourth studio album by Nigerian singer Duncan Mighty. It was released on,en
452,"  Go Home River, river in west central Ontario that flows west from Go",en
453," The quartet of guitarist Peter Bernstein, pianist Brad Mehldau, bassist Christian McBride, and drummer",en
454," reviewer wrote: ""Bernstein is a guitarist so good he often sounds like two guitarists",en
455,"in a duet. It reflects a mastery that is elegant, mellow and gently swinging, but",en
456, is een tekenfilm uit 1933 van Betty Boop. Dit is een van drie Betty,nl
457,Boop-filmpjes waar Cab Calloway de muziek van verzorgde. In tegenstelling tot de andere twee filmpjes,nl
458,zitten hier ook enkele duetten tussen Calloway en Boop in. Ook werden de nummers van,nl
459,Calloway in de andere cartoons maar in de tweede helft van de film gehoord terwijl,nl
460," Vele dorpelingen vluchten weg voor de oude man op de berg, Betty is nieuwsgierig",nl
461, is een gemeente in het Franse departement Dordogne (regio Nouvelle-Aquitaine) en telt 119 inwoners,nl
462,(2009). De plaats maakte deel uit van het arrondissement Bergerac. Na de aanpassing van de,nl
463,arrondissementsgrenzen vanaf 2017 door het arrest van 30 december 2016 behoort zij tot het arrondissement,nl
464," De oppervlakte van Clermont-de-Beauregard bedraagt 6,2 km², de bevolkingsdichtheid is dus 19,2 inwoners per",nl
465, De onderstaande kaart toont de ligging van Clermont-de-Beauregard met de belangrijkste infrastructuur en aangrenzende,nl
466, werden voor de 82e keer gehouden. De Fransman Yannick Noah won het toernooi door,nl
467, (langstaartnimfen) is een geslacht van vogels uit de familie kolibries (Trochilidae) en de geslachtengroep,nl
468, is een gemeente in het Franse departement Tarn-et-Garonne (regio Occitanie). De plaats maakt deel,nl
469,uit van het arrondissement Montauban en van het gemeentelijk samenwerkingsverband Communauté d’Agglomération de Grand Montauban.,nl
470, De plaats werd voor het eerst vermeld in 955 en groeide rond een kasteel.,nl
471,Al in de 13e eeuw werd Montbeton bestuurd door drie verkozen consuls. In 1562 werd,nl
472,de plaats ingenomen door een protestants leger. Zij vernielden de kerk en verjoegen de katholieke,nl
473,clerici. In 1622 voerden op hun beurt katholieke troepen onder leiding van maarschalk Pons de,nl
474," De oppervlakte van Montbeton bedroeg op 1 januari 2020 15,98 vierkante kilometer; de bevolkingsdichtheid",nl
475, De onderstaande kaart toont de ligging van Montbeton met de belangrijkste infrastructuur en aangrenzende,nl
476," is een plaats (city) in de Amerikaanse staat Arkansas, en valt bestuurlijk gezien onder",nl
477,"In 2006 is het aantal inwoners door het United States Census Bureau geschat op 3060,",nl
478, De onderstaande figuur toont nabijgelegen plaatsen in een straal van 32 km rond Mountain,nl
479," is een station van de Stockholmse metro, gelegen in de wijk Kista. Het station",nl
480,ligt aan lijn T11 van de blauwe route en is geopend op 5 juni 1977.,nl
481,De afstand tot het metrostation Kungsträdgården (het oostelijke eindpunt van de blauwe route) is 13,nl
482,"kilometer. Het station zal tot de opening van de zuidwestelijke verlenging van de blauwe route,",nl
483,"in 2025, het enige bovengrondse station van de blauwe route zijn. Het ligt op het",nl
484, Het station ligt direct naast het winkelcentrum Kista Galleria en een groot busstation. Van,nl
485,"hieruit zijn er buslijnen naar verschillende gebieden in het noordwesten van Stockholm, zoals Sollentuna, Danderyd,",nl
486, is een vlinder uit de familie grasmotten (Crambidae). De wetenschappelijke naam van deze soort,nl
487, In 1995 werd hij voorzitter van de ABVV Jongeren. Voordien was hij beroepshalve jongerenverantwoordelijke,nl
488,"van het ABVV en werkte als assistent van verschillende ABVV voorzitters, waaronder François Janssens. In",nl
489,"2006 maakte hij de overstap naar de Belgische Transportarbeidersbond (BTB), waarvan hij in 2007 federaal",nl
490,secretaris voor wegvervoer en logistiek werd. In 2016 volgde hij Ivan Victor op als voorzitter,nl
491,van deze organisatie. Als voorzitter van BTB maakt hij deel uit van het Federaal Bureau,nl
492,"van het ABVV. Daarnaast is hij vice-president van de ""road section"" van het ITF sinds",nl
493," In 2017 ontving hij de 26ste prijs voor de Democratie, tevens werd hij in",nl
494,mei van dat jaar tijdens het 5e ETF-congres te Barcelona verkozen tot voorzitter van deze,nl
495,   Het kan altijd goedkoper - De gevolgen van sociale dumping in Europa,nl
496," In 1766 verleende keizerin Maria-Theresia adelsverheffing aan Jeanne Putteau, weduwe van Willem Wouters, heer",nl
497," In 1792 werd Jean-Lambert Wouters door keizer Frans II bevorderd tot ridder, overdraagbaar op",nl
498," Hij was een zoon van Jacques Wouters, adjunct-burgemeester van Tienen, en van Marie-Lambertine Baerts.",nl
499," Gepromoveerd tot licentiaat in de rechten, werd hij advocaat, stadssecretaris van Tienen, voorzitter van",nl
500," In 1820, onder het Verenigd Koninkrijk der Nederlanden, werd hij erkend in de erfelijke",nl
501,"  Philippe de Wouters d'Oplinter (1783-1856) werd senator, achtereenvolgens burgemeester van Oplinter, Vertryck en",nl
502,        Fernand de Wouters d'Oplinter met afstammelingen tot,nl
503,"  Charles-Lambert de Wouters d'Oplinter (1786-1855), die vrijgezel bleef, werd burgemeester van Oplinter en",nl
504,  Auguste de Wouters de Vroenhoven (1793-1849) trouwde met Flore Mary (1793-1864) en ze,nl
505,"kregen zes kinderen. Hij werd licentiaat in de rechten en advocaat, burgemeester van 's-Gravenbrakel en",nl
506,provincieraadslid van Brabant. Hij werd beheerder van de goederen van de hertogen van Arenberg en,nl
507,    Adolphe de Wouters de Vroenhoven (1825-1892) trouwde met Julie de Halloy,nl
508,(1831-1894). Ook hij was regisseur van de hertog van Arenberg. Hij was de laatste van,nl
509, is een Nederlandse-Surinaamse documentaire van Hans Heijnen uit 2004. De documentaire is ontstaan na,nl
510, De documentaire laat door middel van interviews en portretten zien hoe het voormalige Surinaamse,nl
511,profvoetballers in de Nederlandse competitie is vergaan in de periode 1954-2000. De Dominee Graafland had,nl
512,"het idee opgevat om Surinaamse voetballers in de jaren 50 (1950-1959) naar Nederland te halen,",nl
513,Humphrey Mijnals was de eerste die zich bij het Nederlandse Elinkwijk meldde en kreeg er,nl
514,"te maken met een kritisch publiek. Kort daarna meldde zich ook Frank Mijnals, Erwin Sparendam,",nl
515, Een tweede generatie profvoetballers van Surinaamse afkomst maakte furore in de jaren 80 (1980-89),nl
516,"met Gerald Vanenburg, Ruud Gullit en Frank Rijkaard die allen een dubbelzinnige band hebben met",nl
517,"Suriname. De derde generatie met Edgar Davids, Clarence Seedorf en Patrick Kluivert zijn via hun",nl
518, Ook worden de Suriprofs gevolgd in de zomer van 2003 die in Suriname een,nl
519,toernooi komen spelen onder coach Stanley Menzo. De ploeg werkt een training in de jungle,nl
520,"af, bezoekt een ziekenhuis en wordt ontvangen door president Ronald Venetiaan. De film belicht het",nl
521,omgaan met elkaar in een groep en of de spelers nog een band hebben met,nl
522, is een keversoort uit de familie van schrijvertjes (Gyrinidae). De wetenschappelijke naam van de,nl
523," is een Engelse voetbalclub, opgericht in 1883. De club speelt zijn thuiswedstrijden sinds 2021",nl
524,weer in de Coventry Building Society Arena in Coventry. Nadat het de twee seizoenen daarvoor,nl
525, De club werd opgericht door de werknemers van een fietsenproducent en droeg in de,nl
526, . In 1893 werd de club professioneel en vijf jaar later werd de naam,nl
527,"veranderd naar de huidige naam, vlak voordat ze naar het stadion aan de Highfield Road",nl
528, Coventry City werd toegelaten tot de tweede divisie van het Engelse voetbal in 1919.,nl
529,"Maar pas in de vroege jaren zestig werd de club succesvoller, toevalligerwijs werd rond die",nl
530,"tijd het lichtblauwe als clubkleur aangenomen. De club promoveerde in 1967 naar de hoogste klasse,",nl
531,waar ze een vaste waarde werden tot 2001. In 1967 noteerde de club een toeschouwersrecord.,nl
532,"In een wedstrijd tegen Wolverhampton Wanderers, in de Division Two, streken bijna 52.000 mensen neer",nl
533,"op Highfield Road. De grootste overwinning van de club dateert uit 1934, toen Bristol City",nl
534,met 9-0 verslagen werd. In 1930 leed de club haar grootste nederlaag: Norwich City bleek,nl
535, In 1987 won de club onder leiding van het duo John Sillett en George,nl
536,"Curtis de FA Cup ten koste van Tottenham Hotspur, dat met 3-2 werd verslagen in",nl
537,"de finale. Doordat Engelse club, ten gevolge van het Heizeldrama, niet mochten meedoen in de",nl
538,"Europese competities, mocht de club echter niet in Europees verband spelen. De beste notering van",nl
539, Na de degradatie uit de Premier League in 2001 kon de club één keer,nl
540, Op 28 maart 2013 bleek dat Coventry City op de rand van de afgrond,nl
541,"balanceerde. De club worstelde met een schuld van 60 miljoen pond, omgerekend ruim 70 miljoen",nl
542,euro. Coventry kreeg uitstel van betaling en als gevolg daarvan werden op basis van reglementen,nl
543, In 2005 leek Coventry City nog een florissante toekomst tegemoet te gaan. De club,nl
544,"verliet Highfield Road, het stadion waar vanaf 1899 de thuiswedstrijden werden gespeeld, om te gaan",nl
545,spelen in een gloednieuw stadion genaamd Ricoh Arena. Maar vanaf het begin blijkt de huur,nl
546,voor het stadion te hoog en omdat Coventry City zichzelf niet meer in de Premier,nl
547,"League wist te spelen, ging het in 2013 mis. Na een ruzie met de stadioneigenaren",nl
548,"vertrok Coventry City naar het nabijgelegen Northampton, om haar 'thuiswedstrijden' te gaan spelen in het",nl
549,Sixfields Stadium van Northampton Town. Ruim een jaar maakte de club geen gebruik van de,nl
550," Op 5 september 2014 keerde Coventry City, tot groot genoegen van de supporters, terug",nl
551,naar dat stadion. Ruim 27.000 toeschouwers zagen de thuisploeg met 1-0 winnen door een doelpunt,nl
552,van huurling Frank Nouble. De huurovereenkomst met de eigenaar van het stadion liep in 2018,nl
553,af zonder dat er overeenkomst was bereikt over een nieuw contract. De club is naarstig,nl
554,op zoek naar een oplossing binnen Coventry maar heeft die tot 2020 nog niet gevonden.,nl
555,In het seizoen 2019-20 mag Coventry gebruik maken van het stadion van Birmingham City. In,nl
556,"2021 tekende Coventry City en de Wasps, de eigenaar van de Ricoh Arena, een 10-jarig",nl
557, achter zijn naam. In de periode 1984–2000 speelde hij 601 officiële wedstrijden voor de,nl
558,club. Clarrie Bourton maakte de meeste doelpunten voor Coventry City. Tussen 1931 en 1937 scoorde,nl
559,hij 182 keer voor Coventry. In 2000 verkocht Coventry City aanvaller Robbie Keane aan Internazionale,nl
560,voor 13 miljoen pond. Nooit eerder kreeg de club een grotere transfersom voor een speler,nl
561,dan toen. In datzelfde jaar kocht de club Craig Bellamy van Norwich City er weer,nl
562,   In 1992 invoering van de Premier League en opheffing van de Fourth,nl
563,"  #R = #ronde, T/U = Thuis/Uit, W = Wedstrijd, PUC = punten UEFA",nl
564," is een bestuurslaag in het regentschap Ciamis van de provincie West-Java, Indonesië. Sukanagara telt",nl
565, ) is een eiland in het zuiden van Chili in de provincie Magallanes. Het,nl
566, . Mount Atalaya is het hoogste punt op het eiland met een hoogte van,nl
567,1830 m. Door een kleine waterweg tussen de wateren Seno Otway en Seno Skyring wordt,nl
568, Op het eiland zijn meerdere gletsjers te vinden en is de bodem rijk aan,nl
569," is een middeleeuws juridisch begrip. Het woud vormde een onafhankelijke eenheid voor wat bestuur,",nl
570,"administratie, rechtspraak en fiscaliteit aanging. Het stond onder toezicht van een grondheer met eigendomsrechten. Het",nl
571, De jacht in vrijwouden was het exclusieve recht van de eigenaar.  Stropers werden,nl
572, Een mogelijk effect van het statuut van vrijwoud was dat het (vermoedelijk vanaf de,nl
573,"15de eeuw) ontbossing en beweiding aan banden legde, met een soort van bosbeheer. De bossen",nl
574,werden opgesplitst in tientallen afgebakende 'houwen'. In elke van die 'houwen' werd maar om de,nl
575," Om het statuut van vrijwoud in goede banen te leiden, werd in sommige gevallen",nl
576,"(bv. het Zoniënwoud en het Meerdaalwoud) een wetboek – een zgn. ‘keurboek’ – opgesteld, met",nl
577,een daaraan gekoppeld woudgerecht. Niet alle vrijwouden hadden een woudgerecht. Dit keurboek was in de,nl
578,  het sprokkelrecht door omwonenden aan de rand van het bos: op het 'maken',nl
579,van dood hout (door de bomen te beschadigen) en op het wegnemen van wild uit,nl
580,  houtverkopen werden geregeld volgens de bepalingen van het keurboek; er waren aparte bepalingen,nl
581,"  hoge boetes werden ingesteld voor het kappen van fruitbomen, het rapen of plukken",nl
582,  speciale bepalingen waren er voor het vetmesten van varkens in het bos; ze,nl
583,  was belast met het toezicht op de bossen en hun beheer; hij oefende,nl
584,zowel een administratieve als een juridische functie uit en werd daarin bijgestaan door een onderwoudmeester:,nl
585,"  moest de jacht in de warande, het hertogelijke jachtgebied, in goede banen leiden;",nl
586,"  was verantwoordelijk voor de praktische organisatie van de jacht, met de soms moeilijke",nl
587,"  , ook wel ‘vorsters’ of ‘sergeanten’ genoemd, stonden de woudmeester bij op het",nl
588," In navolging van de Blijde Inkomst (1356), erkende Filips de Goede het Meerdaalwoud in",nl
589,"1406 als een van de vier Brabantse vrijwouden, naast het Zoniënwoud bij Brussel, het Grootenhoutbos",nl
590,bij Turnhout en het bos van Grooten-Heyst bij Nijvel. Deze opmerkelijke overeenkomst zal Brabant karakteriseren,nl
591,tot in de 18de eeuw. Het kreeg het statuut van hertogelijk vrijwoud in 1367. ,nl
592,Anton van Croÿ verwierf het in 1442 en verenigde het met Heverleebos in 1446. Het,nl
593,"Meerdaalwoud is ook sterk verbonden met de hertogen van Arenberg, die vanaf 1612 het bos",nl
594,exploiteerden en er hun jachtpartijen in organiseerden. In het geval van het Meerdaalwoud was een,nl
595,"vrijstelling van belastingen, beden en karweien in feite reeds van kracht in 1284, toen Godfried",nl
596," (Tibet, 15 mei 1950) is een Tibetaans politicus. Sinds augustus 2006 is hij minister",nl
597,"voor de Tibetaanse regering in ballingschap, voor het minister van Buitenlandse Zaken. Naast deze functie",nl
598,is hij sinds 2007 de vertegenwoordiger van de veertiende dalai lama Tenzin Gyatso in de,nl
599, Tempa Tsering groeide op India nadat zijn familie in de jaren vijftig was gevlucht,nl
600,naar ballingschap. Hij gin naar de middelbare school in in Kalimpong en behaalde de bachelorgraad,nl
601,het de Madras Christian College in Madras (Chennai). Hij was lid van het centrale uitvoerende,nl
602," Sinds 1973 werkt hij als tolk en secretaris voor de Tibetaanse overheid in ballingschap,",nl
603,eerst voor het bureau van de Tibetaanse nederzetting in Bylakuppe. Daarna werkte hij voor het,nl
604, ) voor het Ministerie voor Huisvesting. Hij werd gekozen uit een lijst die was,nl
605,samengesteld door de dalai lama en diende tot het regeringseinde van de kashag in 2001.,nl
606,"In 2006 werd hij door de Lobsang Tenzin opnieuw genomineerd voor kalön, ditmaal voor het",nl
607,Ministerie van Informatie en Internationale Relaties. Hetzelfde jaar werd hij door het Tibetaans parlement in,nl
608,ballingschap op deze positie benoemd; een jaar later werd hij daarnaast vertegenwoordiger van de dalai,nl
609," , was de 9e doge van de republiek Venetië (803 of 804 – 809),",nl
610,met toenmalige hoofdstad Malamocco op het Lido di Venezia. Obelerio was de speelbal tussen het,nl
611,oprukkende Frankische Rijk der Karolingers en het keizerrijk Byzantium dat weerwerk bood om haar kolonie,nl
612, Eind 8e eeuw rukte het Frankische Rijk der Karolingers op met verovering van het,nl
613,"koninkrijk der Longobarden, de Avarenmark en het latere Kroatië. Pepijn, een zoon van keizer Karel",nl
614,"de Grote, was koning van Italië. Bij de Venetianen bestond er een grote fractie die",nl
615,"Frankischgezind was. Deze fractie was stevig verankerd in Malamocco, de hoofdstad. Obelerio profileerde er zich",nl
616,als pro-Frankisch en was volkstribuun. De fractie die Byzantium steunde - waartoe Venetië formeel behoorde,nl
617,"- verzamelde zich in de oude hoofdstad Eraclea. Nikephoros I, keizer van Byzantium, kwam tot",nl
618,een akkoord met keizer Karel de Grote in een vredesverdrag (803); Venetië en Dalmatië bleven,nl
619, De patriarch van Grado Giovanni was Frankisch- en Roomsgezind en was een doorn in,nl
620,het oog van doge Giovanni Galbaio. Dit paste niet in de politiek van de Byzantijnsgezinde,nl
621,doge. Galbaio en zijn zoon en mederegent Maurizio vermoordden de patriarch (802). De nieuwe patriarch,nl
622,"Fortunato, een familielid van de voorgaande, reisde naar het Frankische Hof in Salzburg (803). Fortunato",nl
623,verwierf nog meer voorrechten en steun van de Karolingers dan ooit tevoren. Gewapende milities Venetianen,nl
624,uit beide kampen gingen elkaar regelmatig te lijf (803). Voor Obelerio en zijn fractie was,nl
625, Obelerio werd doge en zijn broer Beato mederegent (803 of 804). De republiek Venetië,nl
626,voerde voortaan een pro-Frankische koers. Obelerio organiseerde klopjachten in Eraclea om de Byzantijnsgezinden te onderdrukken.,nl
627,"Patriarch Fortunato die nochtans tot de fractie van de doge behoorde, werd ook militair gecontroleerd",nl
628,op al zijn verplaatsingen. Obelerio en Beato reisden naar het Frankische Hof in Thionville (805).,nl
629, Voor keizer Nikephoros I was dit genoeg om oorlog te voeren tegen de Franken.,nl
630,In 806 voer admiraal Nicetas met Byzantijnse vloot naar Dalmatië en tot voor de Lagune,nl
631,van Venetië. Dalmatië konden ze veroveren doch ze aarzelden nog voor Venetië. Patriarch Fortunato sloeg,nl
632,op de vlucht en zocht bescherming bij de Karolingers. Obelerio en Beato gaven Venetië over,nl
633," dragen, zodat Venetië terugkeerde in de Byzantijnse sfeer. Doge Obelerio gedroeg zich voortaan als",nl
634," Een jaar later (807) had admiraal Nicetas een akkoord gesloten met Pepijn, de Karolingische",nl
635,koning van Italië. Nicetas keerde naar Constantinopel terug met enkele gijzelaars: het waren Frankisch-gezinde patriciërs,nl
636,maar ook doge Obelerio. Obelerio keerde hetzelfde jaar nog terug naar Malamacco. Het akkoord van,nl
637,"807 werd verbroken door de Byzantijnse inval in 809; een vloot onder leiding van Paulus,",nl
638,"hertog van Kefalonia, voer in de Lagune van Venetië. Door het wispelturig gedrag van doge",nl
639,Obelerio lukte het niet voor diplomaten van beide kampen om tot een bestand te komen.,nl
640,Voor koning Pepijn van Italië was de maat vol. Zijn leger viel binnen op Venetiaans,nl
641,"grondgebied en naderde dicht tot bij Malamocco, hoofdstad der Venetianen (809). Finaal trok Pepijn zich",nl
642,"terug en liet Venetië in handen van de Byzantijnen, van wie de vloot gevaarlijk dicht",nl
643,bij Malamocco opdook. Obelerio slaagde er maar niet in voor het ene of andere kamp,nl
644, Obelerio wou zich verschuilen bij de Franken doch de Franken leverden hem uit aan,nl
645,"de Byzantijnen. Voor Obelerio begon een ballingschap in Constantinopel die twintig jaar zou duren, tot",nl
646,"circa 829. Zijn broer Beato werd verbannen naar Zadar, een Dalmatische stad onder Byzantijns bestuur;",nl
647,Beato stierf er circa 810. De nieuwe doge Angelo Partecipazio van het Huis Partecipazio verplaatste,nl
648,de hoofdstad van Malamocco naar wat later aan de Rialtobrug de Venetiaanse wijken San Marco,nl
649,en San Polo werden. De politieke rol van Malamocco was uitgespeeld; enkel de haven was,nl
650," Na twintig jaar ballingschap keerde Obelerio naar Venetië terug, meer bepaald naar Malamocco waar",nl
651,hij oude relaties opzocht (829). Hij kon een militie op de been brengen die doge,nl
652,Giustiniano Partecipazio ten val moest brengen. De doge reageerde met harde hand. De militie van,nl
653,Obelerio werd verdreven en het hoofd van Obelerio werd afgehakt. Zijn hoofd stond op een,nl
654,"paal in de grensplaats Mestre, waar de grens lag tussen Venetië en Frankisch Italië. De",nl
655,"stad Malamocco werd tot op de grond afgebrand, als waarschuwing tegen elke potentiële opstand tegen",nl
656, is een borstelworm uit de familie Aphroditidae. Het lichaam van de worm bestaat uit,nl
657,"een kop, een cilindrisch, gesegmenteerd lichaam en een staartstukje. De kop bestaat uit een prostomium",nl
658,(gedeelte voor de mondopening) en een peristomium (gedeelte rond de mond) en draagt gepaarde aanhangsels,nl
659, is een keversoort uit de familie van de boktorren (Cerambycidae). De wetenschappelijke naam van,nl
660, is een straalvinnige vissensoort uit de familie van rifbaarzen of koraaljuffertjes (Pomacentridae). De wetenschappelijke,nl
661,naam van de soort is voor het eerst geldig gepubliceerd in 2004 door Allen &amp;,nl
662, Het ras werd ontwikkeld als dubbeldoelras en ontstond uit het Mechels hoen en de,nl
663,White Cornish. Het Zingems vleeshoen was korte tijd populair.. Momenteel schijnt het ras echter niet,nl
664," is een plaats (city) in de Amerikaanse staat Minnesota, en valt bestuurlijk gezien onder",nl
665,"In 2006 is het aantal inwoners door het United States Census Bureau geschat op 73,",nl
666, is een race uit de NASCAR Cup Series. De race wordt in het najaar,nl
667,"gehouden op de Pocono Raceway over een afstand van 400 mijl of 643,7 km. De",nl
668,eerste editie werd gehouden in 1974 en gewonnen door Richard Petty. In het voorjaar wordt,nl
669, werd op 20 januari 1999 gehouden in de studio's van tv-zender VTM. Branko Strupar,nl
670,won deze voetbalprijs met 310 punten. Het gala werd gepresenteerd door Dirk Abrams en Birgit,nl
671," Branko Strupar, een Kroaat met een Belgisch paspoort, werd op voorhand beschouwd als een",nl
672,grote kanshebber. Strupar had in 1998 het seizoen afgesloten als vicekampioen en als topschutter. Zijn,nl
673,"grootste concurrent was ploegmaat en spitsbroeder Souleymane Oulare. Lorenzo Staelens, die volgens velen al jaren",nl
674," Strupar won uiteindelijk de eerste stemronde met 150 punten, maar moest in de tweede",nl
675,stemronde ploegmaat Oulare laten voorgaan. Uiteindelijk verzamelde de Kroatische Belg toch voldoende punten om Oulare,nl
676,"achter zich te houden. Strupar ontving de Gouden Schoen uit handen van Pär Zetterberg, de",nl
677, Patrick Goots scoorde in 1998 met de ogen dicht in Tweede Klasse. Dat leverde,nl
678, ) is een hagedis uit de familie Phrynosomatidae en een van de padhagedissen uit,nl
679, De wetenschappelijke naam van de soort werd voor het eerst voorgesteld door Charles Frédéric,nl
680," gebruikt.  De soort wordt verdeeld in twee ondersoorten, met de auteur en het",nl
681," De habitat bestaat uit open, warme en droge plekken in het zuiden van de",nl
682,"Verenigde Staten en delen van Mexico, voornamelijk in woestijnen en halfwoestijnen met een losse zandbodem.",nl
683," Deze soort heeft een zeer stompe en ronde kop, een zeer korte staart, vele",nl
684,stekels op het lijf en knobbelige schubben. Ook kan de buik extreem worden afgeplat om,nl
685,"meer zon op te vangen, waardoor hij van boven gezien bijna rond is. Deze soort",nl
686,wordt maximaal 25 centimeter lang en heeft met name een stekelrij in de nek naar,nl
687,achteren wijzend en een dunne dubbele kam aan weerszijden van het lichaam tot de staartpunt.,nl
688,"De kleur is bruin tot beige en soms grijs met onregelmatige, donkere vlekken over het",nl
689,"hele lijf, meestal bruin tot zwart. Sommige padhagedissen hebben een knobbel in de nek, die",nl
690,"heel erg op de kop lijkt, waarmee ze roofdieren in de maling nemen. Padhagedissen kunnen",nl
691," Het voedsel bestaat uit insecten en andere ongewervelden, vooral kevers en mieren, die met",nl
692,de tong worden opgelikt. De hagedis is hierdoor in gevangenschap moeilijk in leven te houden.,nl
693,"'s Nachts ligt de padhagedis ingegraven in het zand, en ook overdag als de temperaturen",nl
694,te hoog worden schuilt het dier in een ondiepe kuil onder een steen of boomstam.,nl
695,"De hagedis is op de korte afstand snel als hij opgewarmd is en moet vluchten,",nl
696," Ondanks zijn indrukwekkende hoeveelheid stekels, heeft de padhagedis  toch een aantal vijanden. Veel",nl
697,roofvogels vallen het dier aan en scheuren zijn lichaam uit elkaar met hun sterke klauwen.,nl
698,"Haviken, valken, sperwers, klapeksters en renkoekoeken jagen allemaal op de hagedis, hoewel ze het risico",nl
699,lopen in de stekels te stikken. Zo zijn er al meermaals dode vogels gevonden met,nl
700,de stekels van de padhagedis  in de keel die de luchtpijp doorboord hadden. Slangen,nl
701,"vangen ook wel padhagedissen. Zij lopen zelfs het grootste risico om dood te gaan, omdat",nl
702, De padhagedis  vertrouwt op zijn schutkleur als zijn beste verdedigingsmiddel. Zijn platte lichaam,nl
703,vormt een geheel met zijn open leefgebied en werpt geen schaduw. Kleur en tekening van,nl
704,"de hagedis passen ook bij de grond waar hij op leeft, hetgeen een kenmerk is",nl
705,van de hele plaatselijke populatie. Als een padhagedis echter uit zijn eigen omgeving zou worden,nl
706, De hagedis kent een trucje om zijn vijanden af te schrikken: het dier kan,nl
707,"bloed uit zijn ooghoeken spuiten als hij ernstig bedreigd wordt, hoewel dit zelden is waargenomen.",nl
708,Hierbij wordt een straaltje bloed dertig centimeter of meer wegspuiten wat afschrikwekkend werkt op roofdieren,nl
709, Padhagedissen paren in het voorjaar. Er wordt weinig meer aan de hofmakerij gedaan dan,nl
710,het gebruikelijke kopschudden als ze een potentiële partner tegenkomen. Het mannetje klimt op de rug,nl
711,"van het wijfje, klemt de stekels op haar kop tussen zijn kaken en draait zijn",nl
712,lichaam tot zijn cloaca met de hare in contact komt. De eieren worden in een,nl
713," Vijf tot negen weken later, afhankelijk van de temperatuur van de grond, komen de",nl
714,Bij enkele soorten (o.a. de korthoornpadhagedis) houdt het wijfje de eieren in haar lichaam en,nl
715,deze komen direct uit als ze afgezet worden wat ovovivipaar genoemd. Tussen de 5 en,nl
716, (海女) is de naam van de beroemde vrouwelijke duikers uit de regio Shirahama in,nl
717," Zij duiken zonder gebruik van (perslucht)apparatuur naar grote diepten, op zoek naar pareloesters, eetbare",nl
718," Het is een eeuwenoud beroep, slechts gekenmerkt door twee belangrijke innovaties: het gebruik van",nl
719,duikmaskers (ongeveer een eeuw geleden) en van duikvinnen (ongeveer 50 jaar geleden). Tegenwoordig zijn er,nl
720, Henri Tournier werd geboren in Zwitserland in 1834 en was werkzaam als handelaar in,nl
721,Peney-le-Jorat bij Genève. Als entomoloog was hij voornamelijk werkzaam op het gebied van de vliesvleugeligen,nl
722,   Materiaux pour servir a la monographie de la tribu des Erirhinides de,nl
723,"   Hymenoptéres, famille des Scolides: Monographie des espéces europeennes et des contres limitrophes",nl
724, is een keversoort uit de familie van de loopkevers (Carabidae). De wetenschappelijke naam van,nl
725, ) in de Canadese provincie Nova Scotia en telt 1401 inwoners (2006). De oppervlakte,nl
726, ) is een småort in de gemeente Gagnef in het landschap Dalarna en de,nl
727,provincie Dalarnas län in Zweden. Het småort heeft 111 inwoners (2005) en een oppervlakte van,nl
728, is de verzamelnaam voor alle infecties die betrekking hebben op het maag-darmkanaal. Het kan,nl
729,"veroorzaakt worden door bacteriën, parasieten of virussen, maar ook door voedselbestanddelen zonder dat sprake is",nl
730,"van besmetting. Vaak is sprake van maagpijn, diarree en braken. Gewoonlijk begint het acuut en",nl
731,duurt meestal niet langer dan 10 dagen. Diverse namen passen bij de verschillende vormen van,nl
732, (20 mei 1836 – 7 januari 1904) was een in België geboren veteraan van,nl
733,de Amerikaanse Burgeroorlog en de Spaans-Amerikaanse Oorlog. Hij werd onderscheiden met de Medal of Honor,nl
734,voor het veroveren van een vlag van de Geconfedereerde Staten van Amerika tijdens de Slag,nl
735,om Fort Blakely. Na de burgeroorlog werd Vifquain aangewezen als consul van de Verenigde Staten,nl
736,voor Colombia en werd hij opgenomen in de Orde van de Dubbele Draak voor het,nl
737," in Sint-Joost-ten-Node, België op 20 mei 1836. Zijn ouders waren niet getrouwd op het",nl
738,"Vifquain ontving zijn militaire training op de Koninklijke Militaire School in Brussel, en diende een",nl
739,In 1857 emigreerde hij naar de Verenigde Staten van Amerika en ging in Saline County,nl
740, Tijdens de uitbraak van de burgeroorlog in 1861 voegde Vifquain zich bij de Drie-en-vijftigste,nl
741,"Infanterie van New York, zodat hij niet hoefde te wachten tot er een eenheid in",nl
742,Nebraska werd opgericht. De infanterie-eenheid werd ontmanteld voor het mee kon doen met de gevechtshandelingen.,nl
743,"Na de ontmanteling sloop Vifquain met drie collega's Richmond binnen, in een mislukte poging om",nl
744,president van de Confederatie Jefferson Davis te kidnappen. In 1862 stelde de gouverneur van Illinois,nl
745, regiment van Illinois tijdens de Slag om Fort Blakely. Op 9 april 1865 leidde,nl
746,hij een aanval en sprong op de borstwering van het geconfedereerde fort. Hij lag onder,nl
747,"zwaar vuur vanuit de confederatie-troepen zonder ernstige verwondingen op te lopen, en beval vervolgens een",nl
748,charge door zijn eenheid. Tijdens het opvolgende gevecht gebruikte Vifquain zijn zwaard om de val,nl
749, er de unievlag voor in de plaats hing. De vlaggendrager werd onmiddellijk daarna gedood,nl
750,"door vuur vanuit de confederatietroepen. Vifquain werd verborgen door de vallende confederatievlag, waardoor hij geen",nl
751, Tegen het einde van de burgeroorlog probeerde Vifquain nogmaals Davis te vangen. Hij ving,nl
752,nabij Selma (Alabama) een trein op waarvan hij dacht dat Davis hier in zat. Dat,nl
753,"was niet het geval, maar Vifquain wist drieduizend stuks vee en tweeduizend paarden uit de",nl
754,"trein te veroveren. Vifquain bereikte uiteindelijk de rang van brevet-brigadegeneraal, voor hij in oktober 1865",nl
755," Na de burgeroorlog probeerde Vifquain een zetel in het Congres te veroveren, maar hij",nl
756," op in 1879, en werd in 1886 aangewezen als consul van de Verenigde Staten",nl
757,Later zou hij verschillende diplomatieke posten in Panama leiden. Gedurende zijn verblijf in Panama hielp,nl
758,hij meerdere Chinese burgers bij het consulaat van de Verenigde staten. Als gevolg hiervan nam,nl
759,de Keizer van China hem op in de Orde van de Dubbele Draak.. In 1891,nl
760, Vifquain keerde terug in actieve dienst tijdens de Spaans-Amerikaanse Oorlog. Hij diende als commandant,nl
761,"van het 3e infanterieregiment van Nebraska, nadat kolonel William Jennings Bryan zijn ontslag had ingediend.",nl
762,Zijn regiment verbleef na de oorlog in Cuba om te helpen met de bezetting van,nl
763, Vifquain stierf in 1904 in zijn huis in Lincoln. Tegen het eind van zijn,nl
764, is een gemeente in het Franse departement Pas-de-Calais (regio Hauts-de-France) en telt 6992 inwoners,nl
765, exploiteerde kolenmijnen in de plaats tussen 1855 en 1946 waarna het genationaliseerde mijnbouwbedrijf nog,nl
766,tot 1966 actief bleef. De samenstelling van de bevolking veranderde omdat veel mijnwerkers van buiten,nl
767,"werden aangetrokken, met name uit Polen. Een kolenmijn is nu bewaard gebleven (Écopole) en doet",nl
768, De onderstaande kaart toont de ligging van Loos-en-Gohelle met de belangrijkste infrastructuur en aangrenzende,nl
769," (Gent, 1970), ook gekend als Mo Glimmer, is een Belgische diskjockey en beeldend kunstenaar",nl
770,die de helft vormt van Mo &amp; Benoeli. Hij werd dj na het bekijken van,nl
771,een VPRO-reportage over hiphop. Als muzikant werkte hij onder meer samen met Balo en Magnus.,nl
772, Het werkt als geluids- en beeldend kunstenaar vaak samen met David Neirings en maakte,nl
773,met hem een kunstwerk dat viel te bezichtigen in Mezz. In 2001 won Mo Becha,nl
774," ) is de laatste/bovenste era van het eon Archeïcum, dat duurde van 2,8 Ga",nl
775,"tot 2,5 Ga. Het werd voorafgegaan door het Mesoarcheïcum en na/op het Neoarcheïcum komt het",nl
776, Tijdens dit tijdperk ontwikkelden zich de eerste organismen die zuurstof fotosynthetiseerden. Dit zorgde ervoor,nl
777, Het vrijgekomen zuurstof reageerde met mineralen in gesteenten en met de broeikasgassen in de,nl
778," , voluit Trijntje Hermina Wolterdina van Brussel-Bakker (Meppel, 3 november 1920 - aldaar, 25",nl
779, Van Brussel begon met schrijven toen ze achttien jaar oud was en schreef kinderverhalen,nl
780,en gedichten voor kinderen die in diverse landelijke dagbladen werden gepubliceerd. Haar eerste gedicht werd,nl
781,in 1938 gepubliceerd in het Algemeen Dagblad. Na de oorlog ging ze werken voor de,nl
782,radio-omroepen en schreef veel liedteksten voor radiokoren en kinderprogramma's op de radio. Liedteksten werden gezongen,nl
783,door het koor De Leidse Sleuteltjes en De Damrakkertjes op de radio. Ook schreef ze,nl
784, In 1964 verscheen haar eerste jeugdboek bij uitgeverij Kluitman. In later jaren werden haar,nl
785,"boeken ook uitgegeven door De Eekhoorn, Van Goor en Uitgeverij Westfriesland. In haar werk staan",nl
786,de dagelijkse belevenissen van kinderen centraal. Van Brussel was een zeer productief schrijver en haar,nl
787, Van Brussel was weduwe van Jogchem Hendrik van Brussel. Het echtpaar kreeg drie dochters.,nl
788,"  , Nummer 1000 van Kluitman jeugdserie 1974, ISBN 9020602802, 160 pagina's, illustraties Willy",nl
789,"  , Kluitman kinderpockets 1979, ISBN 9020615378, 153 pagina's, illustraties Charlotte Leene, Rudy van",nl
790," . In 1879, tijdens de Salpeteroorlog, nam hij deel aan de zeeslag bij Angamos",nl
791,en de inname van Pisagua. Voorts nam hij deel aan de zeeslag bij Iquique en,nl
792, Na de oorlog was hij o.a. luitenant-ter-zee en marine-instructeur. Aan het begin van de,nl
793, aan de zijde van de rebellen en landde op 17 februari 1891 in de,nl
794,haven van Iquique. Twee dagen later wist hij met een beperkt aantal mannen Iquique te,nl
795,behouden tijdens een aanval van het regeringsleger. Aan het einde van de burgeroorlog voerde hij,nl
796, . In 1900 werd hij aangesteld als marine attaché bij de Chileense ambassade in,nl
797, - waar hij het bevel over voerde - werd hij plots ernstig ziek en,nl
798," Zijn zoon Vicente Merino Bielich (1889-1977) was commandant en bevelhebber van de Chileense marine,",nl
799," is een gemeente in de Oostenrijkse deelstaat Opper-Oostenrijk, gelegen in het district Ried im",nl
800, Eberschwang heeft een oppervlakte van 40 km². De gemeente ligt in het noorden van,nl
801,"Oostenrijk, in het westen van de deelstaat Opper-Oostenrijk. De gemeente ligt ten zuiden van de",nl
802," Albertsham, Am Sportplatz, Anetsham, Anhang, Antiesen, Aspach, Eberschwang, Eichetsham, Feichtet, Fleischhacken, Greifenedt, Hausruck, Hof,",nl
803,"Hötzing, Illing, Königsberg, Königsberger Straße, Leopoldshofstatt, Maierhof, Mitterbreitsach, Moos, Mühring, Oberbreitsach, Ötzling, Prinsach, Pumberg, Putting,",nl
804, is een beervlinder uit de familie van de spinneruilen (Erebidae). De wetenschappelijke naam van,nl
805, Cockburn won met zijn ploeg de Winnipeg Hockey Club in 1931 het amateurkampioenschap van,nl
806,Canada de Allan Cup. Vanwege deze overwinning mocht de Winnipeg Hockey Club Canada vertegenwoordigen op,nl
807,Cockburn was aanvoerder van de Canadese ijshockeyploeg tijdens de Olympische Winterspelen 1932 die olympisch goud,nl
808," De partij verving de Raad van Koerdische Wederopstanding (Komalay Ziyanaway Kurd), die drie jaar",nl
809,"eerder was opgericht. Slechts 159 dagen na haar oprichting, op 22 januari 1946, richtte de",nl
810,"partij de Republiek Koerdistan op, door historici meestal Republiek Mahabad genoemd, met Mahabad als hoofdstad.",nl
811,"Deze republiek hield niet meer dan elf maanden stand, nadat het Iraanse leger een tegenoffensief",nl
812, ['ku:sta] is een plaats in de gemeente Lessebo in het landschap Småland en de,nl
813,provincie Kronobergs län in Zweden. De plaats heeft 941 inwoners (2005) en een oppervlakte van,nl
814," is een bestuurslaag in het regentschap  Nganjuk van de provincie Oost-Java, Indonesië. Begendeng",nl
815, is een springstaartensoort uit de familie van de Hypogastruridae. De wetenschappelijke naam van de,nl
816, is een insect dat behoort tot de orde vliesvleugeligen (Hymenoptera) en de familie van,nl
817,de schildwespen (Braconidae). De wetenschappelijke naam van de soort werd voor het eerst geldig gepubliceerd,nl
818, is een aasgarnalensoort uit de familie van de Mysidae. De wetenschappelijke naam van de,nl
819," van Aat gaat jaarlijks uit in de Ducasse van Aat, een omvattende folklorestoet, die",nl
820,"niet louter rond het ros is opgebouwd, in tegenstelling tot de 10-jaarlijkse ommegang van het",nl
821,Ros Beiaard van Dendermonde. Het Ros Beiaard van Ath weegt zeshonderd kilo en wordt gedragen,nl
822,door ploegen van 16 dragers. Het verblijft in de gemeentelijke loods. Voor elke ommegang wordt,nl
823," is een langeafstandswandelpad van Wenen (Oostenrijk), via Slowakije, Hongarije, Kroatië, Servië, Roemenië, Bulgarije en",nl
824,Griekenland naar Istanboel in Turkije. Het volgt in grote lijnen de tocht die sultan Süleyman,nl
825,"de Grote, machthebber van het Ottomaanse Rijk, in de 16e eeuw maakte. De totale lengte",nl
826,is ca. 2400 kilometer. Het pad wordt ontwikkeld en gepromoot door vrijwilligers van de Nederlandse,nl
827, Sultan Süleyman de Grote bezette in 1521 Belgrado en versloeg in 1526 het leger,nl
828,"van Lodewijk II, koning van Hongarije en Bohemen tijdens een twee uur durende Slag bij",nl
829,"Mohács. Op 10 mei 1529 vertrok hij opnieuw naar het westen, en na een zware",nl
830,tocht (regen en overstromingen) van vier maanden bereikte zijn leger de stad Boedapest. Eind september,nl
831,trok hij van daar met zijn leger naar Wenen. Ondanks de matige kwaliteit van de,nl
832,Weense stadsmuren bleken deze bestand tegen de verzwakte aanvallers. Na drie weken trok Süleyman zich,nl
833,terug naar Boedapest. In 1532 waagde hij opnieuw een poging. In dat jaar kwam hij,nl
834,"tot de stad Kőszeg in Hongarije (80 km van Wenen), die zich na drie weken",nl
835,belegering overgaf. Na een 11-jarige onderbreking besloot de sultan op 60-jarige leeftijd nog eenmaal zijn,nl
836,leger persoonlijk aan te voeren richting het westen. Op 7 september 1566 stierf hij in,nl
837, In tegenstelling tot het gewelddadige verleden is de Sultans Trail nu een pad van,nl
838,vrede en ontmoeting. De route begint bij de Stephansdom in het centrum van Wenen. Sommige,nl
839,klokken van deze kerk zijn gemaakt van omgesmolten metaal van buitgemaakte Ottomaanse kanonnen. Het pad,nl
840," De Sultans Trail maakt waar mogelijk gebruik van bestaande Europese langeafstandspaden, waaronder delen van",nl
841,"de Blauwe Route in Hongarije, de Wandelroute E8 en de Donauweg. Op andere delen is",nl
842,"de Sultans Trail nog in ontwikkeling. De Oostenrijkse, Slowaakse, Hongaarse, Kroatische, Servische en de Turkse",nl
843,gedeelten worden gemarkeerd met stickers en turquoise pijlen; van de gemarkeerde gedeeltes zijn GPS-gegevens beschikbaar.,nl
844," Wenen, Simmering, Schwechat, Rauchenwarth, Trautmannsdorf an der Leitha, Bruck an der Leitha Sommerein, Breitenbrunn,",nl
845,"Purbach am Neusiedler See, Donnerskirchen, Hornstein, Eisenstadt, Oggau am Neusiedler See, Rust, Mörbisch am See,",nl
846," Halászi, Győr, Tata, Tatabánya, Annavölgy, Esztergom, Szentendre, Budakalász, Boedapest, Százhalombatta, Székesfehérvár, Dunaföldvár, Szekszárd, Bátaszék,",nl
847," : Sopron, Markt Sankt Martin, Kőszeg, Sárvár, Sümeg, Keszthely, Szulimán, Csertő, Szigetvár, Pécs, Mohács,",nl
848," Topolje, Draž, Podolje, Popovac, Beli Manastir, Karanac, Kozarac, Darda, Osijek, Erdut, Dalj, Vukovar, Šarengrad,",nl
849," Bački Breg, Sombor, Apatin, Bač, Bačka Palanka, Novi Sad, Petrovaradin, Sremski Karlovci, Zemun, Belgrado,",nl
850,"Avala, Grocka, Smederevo, Smederevska Palanka, Svilajnac, Despotovac, Ćuprija, Paraćin, Kruševac, Niš, Niška Banja, Bela Palanka,",nl
851," Kalotina, Dragoman, Sofia, Novi Chan, Ichtiman, Pazardzjik, [[Stamboliïski]], Plovdiv, Koeklen, Sadovo, Parvomaï, Mineralni Bani,",nl
852," Kapıkule, Kemalköy, Karabulut, Sarayakpınar, (Sırpsındığı), Avarız, Edirne, Kösençiftliği, Söğütlüdere, Hasköy, Hamzabey, Uluçınar, Ahmetbey, Karlı,",nl
853," : Hıdırağa, Karayusuf, Ortakça, Kavaklı, Yağcılı, Süloğlu, Büyük Gerdelli, Dolhan, Paşayeri, Koyunbaba, Kırklareli, Kızılcıkdere,",nl
854,"Üsküpdere, Karıncak, Kaynarca, Pınarhisar, Erenler, Poyralı, Doğanca, Develi, Vize, Okçular, Evrenli, Çakıllı, Kavacık, Saray, Küçük",nl
855,"Yoncalı, Safaalan, Binkılıç, Aydınlar, Yaylacık, Gümüşpınar, İhsaniye, Akalan, Dağyenice, Boyalık, Dursunköy (Na Dursunköy zelfde route",nl
856,  Dagboek van Süleyman Kanuni tijdens de eerste belegering van Wenen. Duitstalig met Ottomaans-Turks,nl
857, . De wetenschappelijke naam van de soort werd voor het eerst geldig gepubliceerd in,nl
858, is een keversoort uit de familie van de kortschildkevers (Staphylinidae). De wetenschappelijke naam van,nl
859," De Revolutionair-Socialistische Arbeiderspartij (RSAP) werd op 14 mei 1940 opgeheven, een dag voor de",nl
860,"Nederlandse capitulatie. Zoals al in 1938 in het geheim was besloten, reorganiseerden RSAP-leden zich enkele",nl
861," Het front steunde de Februaristaking, werkte samen met verzetsorganisatie De Vonk en gaf de",nl
862,"'Spartacus' uit, de eerste illegale krant in Nederland tijdens de bezetting. De oplage liep op",nl
863, Opmerkelijk aan het Front was dat het ook in contact probeerde te komen met,nl
864,Duitse soldaten die tegen de oorlog waren; voor andere verzetsbewegingen was dergelijk contact uit den,nl
865,"boze. Binnen het front was politieke onenigheid, vooral over het al dan niet steunen van",nl
866,"de Sovjet-Unie, waartoe Trotski had opgeroepen. Dolleman was hier voor, Sneevliet was hier tegen en",nl
867," Dolleman, Sneevliet, Menist en drie anderen werden in maart 1942 op verschillende adressen gearresteerd.",nl
868,Ze werden naar Kamp Amersfoort overgebracht en tegelijk in de ochtend van 13 april 1942,nl
869,"door de Waffen-SS geëxecuteerd op de Leusderheide, niet ver van de huidige ingang van nationaal",nl
870,De rest van de groep splitste zich op in het Comité van Revolutionaire Marxisten en,nl
871, was een spoorwegstation langs spoorlijn 50A (Brussel - Oostende) in de gemeente Jabbeke. De,nl
872,stoptreinbediening verdween grotendeels in 1984 in het kader van het IC/IR-plan dat een algehele sluiting,nl
873,van minder rendabele stations vooropstelde. Tot 1993 stopten op de halte op weekdagen nog twee,nl
874,P-treinen 's morgens in de richting van Brussel en twee 's avonds in de richting,nl
875, Voor de sluiting van alle stopplaatsen en de afschaffing van alle stoptreinen tussen Oostende,nl
876,"  de wens van de NMBS om de capaciteit van het spoor te verhogen,",nl
877," De grafiek geeft het gemiddeld aantal instappende reizigers weer op een week-, zater- en",nl
878," is een sekspositie van twee partners tijdens het geslachtsverkeer, waarbij de ontvangende partner op",nl
879,"de rug ligt en de penetrerende partner bovenop, met de hoofden aan dezelfde kant. De",nl
880,missionarishouding is in elk geval in de westerse wereld met afstand de meest gebruikelijke seksuele,nl
881,positie: bij een onderzoek van Alfred Kinsey gaf 91% van de vrouwen aan dat ze,nl
882,"de meest voorkomende positie was, en de overgebleven 9% van de vrouwen dat het zelfs",nl
883,de enige positie was waarin zij geslachtsverkeer hadden. Saillant detail is dat deze positie niet,nl
884, Over de herkomst van het woord missionarispositie doen twee verhalen de ronde. Volgens het,nl
885,wijdst verbreide verhaal propageerden missionarissen deze positie onder de volkeren waar zij missie bedreven. Dit,nl
886,"omdat bij deze volkeren het gebruikelijk was om op zijn hondjes te vrijen, wat door",nl
887,"de missionarissen als iets dierlijks werd gezien. Minder wijdverbreid, maar toch nog op veel plaatsen",nl
888,"te vinden, is het verhaal dat dit standje z'n naam dankt aan de seksuele prestaties",nl
889,"van missionarissen. De christelijke variant van de bijslaap, zo wil dit verhaal, wekte bij de",nl
890," In feite dankt de missionarispositie haar naam, zo heeft Robert J. Priest in 2001",nl
891, . In dat boek vat hij het een en ander samen uit een seksuologische,nl
892," ""Men zal zich herinneren"", zo vat Kinsey samen, ""dat Malinowski beschrijft dat een volslagen",nl
893,andere [seksuele] houding zeer algemeen in zwang was bij de Trobrianders in het zuidwesten van,nl
894,de Grote Oceaan; en dat hij vermeldt dat rond de gezamenlijke kampvuren karikaturen van de,nl
895,"Engels-Amerikaanse houding worden opgevoerd, tot groot vermaak van de inheemsen, die deze positie de 'missionarispositie'",nl
896, Dit is echter niet wat Malinowski schrijft. Verspreid in het boek noemt Malinowski wel,nl
897,dingen die hierop lijken. Zo schrijft hij dat de Trobrianders bij volle maan – niet,nl
898,bij kampvuren – bijeenkomen om spotliederen te zingen. Ook drijven zij de spot met seks,nl
899,"waarbij de man boven en de vrouw onder ligt, een standje dat zij associeerden met",nl
900,"'blanke handelaren, planters of ambtenaren'. Missionarissen noemt Malinowski hier niet. Die komen pas later in",nl
901,"het boek aan bod, als er sprake is van twee Trobrianders die hand in hand",nl
902,"lopen, tegen elkaar aan leunend. ""Ik kreeg meteen te horen"", schrijft Malinowski, ""dat dit een",nl
903," 'zoals de missionarissen doen' was, een van de nieuwe, onzedelijke gedragingen die de missionarissen",nl
904, Was 'zoals de missionarissen doen' in 1929 bij Malinowski dus nog hand in hand,nl
905,"lopen (protestantse zendelingen waren doorgaans getrouwd), in 1948 maakte Kinsey er een seksstandje van –",nl
906," vervolgens opgang, eerst in het Engels, later in andere talen. Het woord had z'n",nl
907,"tijd mee, want tijdens de seksuele revolutie dreef men graag de spot met de beperkingen",nl
908,"Bedenica telt 1522 inwoners. De oppervlakte bedraagt 21,72 km², de bevolkingsdichtheid is 70,1 inwoners per",nl
909, Er zijn meerdere manieren om deze functie te benaderen. Gauss stelde in 1792 als,nl
910," De riemann-zèta-functie is nauw verbonden met deze priemgetallentelfunctie, en staat centraal in de riemann-hypothese,",nl
911,"een belangrijke, en tot nog toe onbewezen, stelling die een verband legt tussen functietheorie an",nl
912, is een gemeente in de Italiaanse provincie Fermo (regio Marche) en telt 525 inwoners,nl
913, Montefalcone Appennino telt ongeveer 234 huishoudens. Het aantal inwoners daalde in de periode 1991-2001,nl
914," Montefalcone Appennino grenst aan de volgende gemeenten: Amandola, Comunanza, Force, Monte San Martino (MC),",nl
